CANDIDATE_ID,JOB_POSTING_NAME
8c701264-aaf4-4d0f-be77-7ae51b6e9162,Software Engineer – Intern
5da17308-5651-43ba-955c-5a50c6ab917b,Software Engineer – Intern
c3b063d8-bf06-4aca-97d9-2ecc7ee690f2,Software Engineer – New Grad
c16eba9a-15df-4a60-b55f-61e2f4ee8985,Software Engineer – Intern
157c198c-20e7-44ca-ace4-2512c565f84f,Software Engineer – New Grad
6cc8cc00-4cad-410c-abfd-27c2e1e464db,Software Engineer – Intern
b88583a4-94f5-489c-b422-8d2c0d853e6a,Software Engineer – New Grad
9433daf4-3508-4d7f-982d-e4825c5dee23,Software Engineer – New Grad
54dd88bc-fed1-47bb-a887-ef21aee01617,Software Engineer – New Grad
af2beef8-a926-43fb-b691-7ca91dc15c9c,Software Engineer – New Grad
6b72072d-86ff-4865-bdd4-f47d1b32023d,Software Engineer – New Grad
6025fa68-93f1-435f-8007-89680669191f,Software Engineer – New Grad
a99c3caa-9605-43cd-a7e3-7b76804b68d6,Software Engineer – Intern
caf326a4-b6ed-4dcb-a08a-e6daefe829f1,Software Engineer – Intern
5489d0a0-605c-4917-9985-96a9ffe5061d,Software Engineer – Intern
83cfa7d6-4584-41ee-8c8a-177b7a8b357a,Software Engineer – Intern
15c6869b-953d-49fa-85ff-f4676edbe8e3,Software Engineer – Intern
3ce6df74-9fa5-443d-94c7-e12f410e0319,Software Engineer – New Grad
420a25f1-e9c7-4c3b-944d-0a8c58d91ac2,Software Engineer – New Grad
215bd52e-7348-4453-8942-e89ac4329ce2,Software Engineer – New Grad
b723fdbc-e5af-4c3d-a001-b883ad4b4714,Software Engineer – Intern
6571d1d8-71e1-471b-99ee-f06b700d1788,Software Engineer – New Grad
